-- ========================================
-- 基础数据
-- ========================================
-- ========================================

-- 企划
INSERT INTO project (project_id, name, description, start_date, end_date) VALUES
(1, 'LoveLive!', '系列开山之作，以音乃木坂学院为舞台。2010年启动，2016年μ''s举行Final Live后停止常规活动。', '2010-06-30', NULL),
(2, 'LoveLive! Sunshine!!', '第二弹企划，以静冈县沼津市浦之星女学院为舞台。Aqours于2015年成团。', '2015-04-30', NULL),
(3, 'LoveLive! 虹咲学园', '以东京台场虹咲学园为舞台，采用个人独立偶像体制。原为手游ALL STARS中登场。', '2017-09-21', NULL),
(4, 'LoveLive! Superstar!!', '以结丘女子高等学校为舞台，Liella!通过三期招募扩展到11人。首次有中国籍角色登场。', '2020-07-14', NULL),
(5, 'Link! Like! LoveLive!', '以石川县金泽市莲之空女学院为舞台，结合VTuber直播。角色随现实时间毕业。', '2022-02-28', NULL);

-- 动漫团
INSERT INTO anime_group (group_id, project_id, name, description, representative_works, history, founding_date, disband_date) VALUES
(1, 1, 'μ''s', 'LoveLive!系列第一个学园偶像团体，9人组成。', '僕らは今のなかで\nSnow halation\nSTART:DASH!!\n僕たちはひとつの光', '2010年由读者投票选出成员站位后正式成立。2013年TV动画第一季播出，2015年剧场版上映。2016年3月31日-4月1日在东京巨蛋举行Final Live后停止常规团体活动。', '2010-06-30', '2016-03-31'),
(2, 2, 'Aqours', 'LoveLive! Sunshine!!的学园偶像团体，9人组成。', '君のこころは輝いてるかい？\n青空Jumping Heart\nHAPPY PARTY TRAIN\nMIRAI TICKET', '2015年6月30日正式成团，出道曲《君のこころは輝いてるかい？》发布。2016-2017年TV动画两季播出，2019年剧场版上映。至今仍活跃。', '2015-06-30', NULL),
(3, 3, '虹咲学园学园偶像同好会', '虹咲学园的学园偶像团体，12人独立偶像体制。', 'TOKIMEKI Runners\n虹色Passions!\nNEO SKY, NEO MAP!', '2017年作为手游ALL STARS原创团体登场，2020年TV动画第一季播出。成员以个人独立偶像形式活动，既是伙伴也是对手。', '2017-09-21', NULL),
(4, 4, 'Liella!', 'LoveLive! Superstar!!的学园偶像团体。', 'START!! True dreams\n未来予報ハレルヤ！\nWhat a Wonderful Dream!!', '2020年7月公布企划。一期生5人，二期生4人（2022年加入），三期生2人（2023年加入），最终11人。系列首个非9人固定制团体。', '2020-07-14', NULL),
(5, 5, '莲之空女学院学园偶像俱乐部', 'Link! Like! LoveLive!的学园偶像团体。', 'Dream Believers\nOn your mark', '2022年2月启动。首个采用真实时间毕业制的团体，结合VTuber直播。102期生已毕业，现有103-105期在校生8人。2026年上映剧场版。', '2022-02-28', NULL),
(6, 1, 'A-RISE', 'LoveLive!动画中UTX高中的学园偶像团体，μ''s的对手。', 'Private Wars\nShocking Party', '在动画第一季中作为μ''s的竞争对手登场，曾获第一届LoveLive大赛冠军。', '2010-01-01', NULL),
(7, 2, 'Saint Snow', 'LoveLive! Sunshine!!中函馆圣泉女子高等学院的学园偶像团体。', 'SELF CONTROL!!\nDROPOUT!?\nBelieve again', '鹿角姐妹二人组成的团体，是Aqours在LoveLive大赛中的强劲对手。', '2015-01-01', NULL),
(8, 4, 'Sunny Passion', 'LoveLive! Superstar!!中神津女子高等学校的学园偶像团体。', 'HOT PASSION!!\nTill Sunrise', 'Liella!的前辈与对手，二人组合。', '2021-01-01', NULL);

-- 声优
INSERT INTO cv (cv_id, name, birth_date, agency) VALUES
(1, '新田惠海', '1985-12-10', NULL),
(2, '南条爱乃', '1984-07-12', NULL),
(3, '内田彩', '1986-07-23', NULL),
(4, '三森铃子', '1986-06-28', NULL),
(5, '饭田里穗', '1991-10-26', NULL),
(6, 'Pile', '1988-05-02', NULL),
(7, '楠田亚衣奈', '1989-02-01', NULL),
(8, '久保由利香', '1989-05-19', NULL),
(9, '德井青空', '1989-12-26', NULL),
(10, '伊波杏树', '1996-02-07', NULL),
(11, '逢田梨香子', '1992-08-08', NULL),
(12, '齐藤朱夏', '1996-08-16', NULL),
(13, '小林爱香', '1993-10-23', NULL),
(14, '高槻加奈子', '1993-09-25', NULL),
(15, '降幡爱', '1994-02-19', NULL),
(16, '诹访奈奈香', '1994-11-02', NULL),
(17, '小宫有纱', '1994-02-05', NULL),
(18, '铃木爱奈', '1995-07-23', NULL),
(19, '大西亚玖璃', '1997-05-02', NULL),
(20, '相良茉优', '1998-04-04', NULL),
(21, '前田佳织里', '1996-04-25', NULL),
(22, '久保田未梦', '1995-01-31', NULL),
(23, '村上奈津实', '1995-09-07', NULL),
(24, '鬼头明里', '1994-10-16', NULL),
(25, '楠木灯', '1999-12-22', NULL),
(26, '林鼓子', '2002-05-18', NULL),
(27, '指出毬亚', '1998-09-20', NULL),
(28, '田中千惠美', '1994-10-06', NULL),
(29, '小泉萌香', '1996-02-28', NULL),
(30, '内田秀', '1996-05-24', NULL),
(31, '法元明菜', '1996-08-05', NULL),
(32, '矢野妃菜喜', '1997-03-05', NULL),
(33, '伊达小百合', '2000-09-23', NULL),
(34, 'Liyuu', '1997-01-09', NULL),
(35, '岬奈子', '1999-03-08', NULL),
(36, 'Payton尚未', '2003-07-01', NULL),
(37, '青山渚', '1998-05-16', NULL),
(38, '铃原希实', '2000-12-29', NULL),
(39, '薮岛朱音', '2001-06-03', NULL),
(40, '大熊和奏', '2000-11-19', NULL),
(41, '绘森彩', '2004-02-23', NULL),
(42, '结那', '2001-08-12', NULL),
(43, '坂仓花', '2004-05-22', NULL),
(44, '樱川惠', '1988-10-24', NULL),
(45, '松永真穗', '1993-01-23', NULL),
(46, '大桥步夕', '1984-04-28', NULL),
(47, '田野麻美', '1987-02-12', NULL),
(48, '佐藤日向', '1998-12-23', NULL),
(49, '吉武千飒', '1999-03-27', NULL),
(50, '结木由奈', NULL, NULL);

-- 角色
INSERT INTO `character` (character_id, group_id, cv_id, name, birthday, blood_type, height) VALUES
(1, 1, 1, '高坂穗乃果', '08-03', 'O', 157),
(2, 1, 2, '绚濑绘里', '10-21', 'B', 162),
(3, 1, 3, '南小鸟', '09-12', 'O', 159),
(4, 1, 4, '园田海未', '03-15', 'A', 159),
(5, 1, 5, '星空凛', '11-01', 'A', 155),
(6, 1, 6, '西木野真姬', '04-19', 'AB', 161),
(7, 1, 7, '东条希', '06-09', 'O', 159),
(8, 1, 8, '小泉花阳', '01-17', 'B', 156),
(9, 1, 9, '矢泽妮可', '07-22', 'A', 154),
(10, 2, 10, '高海千歌', '08-01', 'B', 157),
(11, 2, 11, '樱内梨子', '09-19', 'A', 160),
(12, 2, 12, '渡边曜', '04-17', 'AB', 157),
(13, 2, 13, '津岛善子', '07-13', 'O', 156),
(14, 2, 14, '国木田花丸', '03-04', 'O', 152),
(15, 2, 15, '黑泽露比', '09-21', 'A', 154),
(16, 2, 16, '松浦果南', '02-10', 'O', 162),
(17, 2, 17, '黑泽黛雅', '01-01', 'A', 162),
(18, 2, 18, '小原鞠莉', '06-13', 'AB', 163),
(19, 3, 19, '上原步梦', '03-01', 'A', 159),
(20, 3, 20, '中须霞', '01-23', 'B', 155),
(21, 3, 21, '樱坂雫', '04-03', 'A', 157),
(22, 3, 22, '朝香果林', '06-29', 'AB', 167),
(23, 3, 23, '宫下爱', '05-30', 'A', 163),
(24, 3, 24, '近江彼方', '12-16', 'O', 158),
(25, 3, 26, '优木雪菜', '08-08', 'O', 154),
(26, 3, 27, '艾玛·薇蒂', '02-05', 'O', 166),
(27, 3, 28, '天王寺璃奈', '11-13', 'B', 149),
(28, 3, 29, '三船栞子', '10-05', 'AB', 160),
(29, 3, 30, '米雅·泰勒', '12-06', 'AB', 156),
(30, 3, 31, '钟岚珠', '02-15', 'B', 165),
(31, 4, 33, '涩谷香音', '05-01', 'A', 159),
(32, 4, 34, '唐可可', '07-17', '不明', 159),
(33, 4, 35, '岚千砂都', '02-25', '不明', 155),
(34, 4, 36, '平安名堇', '09-28', '不明', 161),
(35, 4, 37, '叶月恋', '11-24', '不明', 163),
(36, 4, 38, '樱小路希奈子', '04-10', '不明', 159),
(37, 4, 39, '米女芽衣', '10-29', '不明', 155),
(38, 4, 40, '若菜四季', '06-17', '不明', 161),
(39, 4, 41, '鬼冢夏美', '08-07', '不明', 152),
(40, 4, 42, '薇恩·玛格丽特', '01-20', '不明', 161),
(41, 4, 43, '鬼冢冬毬', '12-28', '不明', 163),
(53, 6, 44, '绮罗翼', NULL, NULL, NULL),
(54, 6, 45, '统堂英玲奈', NULL, NULL, NULL),
(55, 6, 46, '优木杏树', NULL, NULL, NULL),
(56, 7, 47, '鹿角圣良', '05-04', 'A', 162),
(57, 7, 48, '鹿角理亚', '12-12', 'AB', 153),
(58, 8, 50, '柊摩央', NULL, NULL, NULL),
(59, 8, 49, '圣泽悠奈', NULL, NULL, NULL);
